,( 2 \times 1 2 + 6 + 1 6 ) n = 2 \times 2 3,( 3 ) ( x _ { 1 } - x _ { 2 } ) ^ { 2 } = ( x _ { 1 } + x _ { 2 } ) ^ { 2 } - 4 x _ { 1 } x _ { 2 } = \frac { 9 7 } { 1 6 },( \sqrt { 2 } - \sqrt { 3 } ) ^ { 2 } = 5 - 2 \sqrt { 6 },0 . 8 5 \times 1 0 0 = 8 5 ( k g ),2 2 6 \times \frac { 3 } { 5 } = \frac { 6 7 8 } { 5 } c m \approx 1 3 5 . 6 c m,2 3 . 5 + \frac { 1 } { 2 } x = 1 3 + x,3 x - y = 0,4 \sin x \cos x - 2 ( \sqrt { 3 } \sin x + \cos x ) + \sqrt { 3 } = 0,5 \times 5 = 2 5 ( k m ) \cdot,9 6 \div 6 0 = 1 \cdots 3 6,9 ^ { 3 } = \frac { b 5 } { b _ { 2 } } = \frac { 8 1 } { 3 } = 2 7,: ( 1 5 6 + 1 5 4 + 1 5 0 + 1 5 3 + 1 5 0 + 1 5 9 + 1 5 2 + 1 5 7 + 1 6 1 + 1 5 8 ) \div 1 0 = 1 5,= \frac { 1 } { x - 1 } + \frac { 1 } { x - 1 } = \frac { 2 } { x - 1 },A ^ { \prime } D = \sqrt { 2 },C D =,F C ^ { 2 } + C B ^ { 2 } = B F ^ { 2 },OTHER,R _ { 2 } = \frac { 1 2 } { 1 . 8 A } =,V _ { t } ^ { 2 } = 2 a s + V _ { p } ^ { 2 },\Delta A B F \cong \Delta A D E ( A S A ),\angle B D C = 9 0 ^ { \circ },\angle B D E = \angle B E D = 7 5,\angle B O C = 1 8 0 ^ { \circ } - ( \angle 1 + \angle 2 ) = 1 8 0 ^ { \circ } - \frac { 1 } { 2 } ( 1 8 0,\angle C P Q = \angle B = 9 0 ^ { \circ },\frac { 0 . 8 } { 4 } = \frac { x } { 2 6 },\frac { 1 5 } { 7 } = 2 \frac { 1 } { 7 },\frac { 1 } { 3 } \div \frac { 1 } { 3 } = 1,\frac { 3 0 } { 4 } = 7 . 5,\frac { 3 7 0 0 } { 1 8 0 + 5 } \times 2 2 5 \times 8 0 \% + \frac { 3 7 0 0 } { 1 8 0 + 5 } \times 2 2 5 \times ( 1 - 8 0 \% ) \times 0 . 1 y - 3 7 0 0 \geq 4 4 0 .,\frac { 4 0 0 0 } { 1 0 0 0 } = \frac { 2 } { 5 },\frac { 8 0 } { x } - 2 = \frac { 8 0 } { x + 2 },\frac { 8 4 \times 4 + 5 5 \times 6 } { 1 0 } = 6 7,\frac { A C } { A B } = \sin 4 5 ^ { \circ } = \frac { \sqrt { 2 } } { 2 },\frac { B E } { A B } = \frac { A E } { A C },\frac { D E } { B C } = \frac { 2 } { 5 . },\frac { \cos C } { \cos B } = \frac { 2 a - c } { b } = \frac { 2 \sin A - \sin C } { \sin B },\frac { x ^ { 2 } - x ^ { 2 } / n x - / n x - 1 } { 2 },\frac { y } { x + 2 } \cdot \frac { y } { x - 2 } = \frac { - 1 } { 2 },\rightarrow d _ { A } \rightarrow B C,\sin \alpha = \frac { 5 } { 1 3 },\therefore O D = \frac { 4 } { 3 } \sqrt { 3 },a ^ { 2 } + 2 a b + b ^ { 2 } = ( a + b ) ^ { 2 },b = 4 - c,m - 2 0 + 2 0 = 6 + 2 0,r = \pi ^ { 2 } r ^ { 2 } n \div 3,x + c,x = \frac { 1 6 } { 3 6 } - \frac { 1 5 } { 3 6 },y + 2 = 3 6,y = \frac { 5 } { 2 },y _ { 2 } = \frac { 3 } { 2 }
( 2 \times 1 2 + 6 + 1 6 ) n = 2 \times 2 3,0,0,0,0,0,0,0,0,0,0,0,0,0,0,0,0,1,0,0,0,0,0,0,0,0,0,0,0,0,0,0,0,0,0,0,0,0,0,0,0,0,0,0,0,0,0,0,0,0,0
( 3 ) ( x _ { 1 } - x _ { 2 } ) ^ { 2 } = ( x _ { 1 } + x _ { 2 } ) ^ { 2 } - 4 x _ { 1 } x _ { 2 } = \frac { 9 7 } { 1 6 },0,0,0,0,0,0,0,0,0,0,0,0,0,0,0,0,1,0,0,0,0,0,0,0,0,0,0,0,0,0,0,0,0,0,0,0,0,0,0,0,0,0,0,0,0,0,0,0,0,0
( \sqrt { 2 } - \sqrt { 3 } ) ^ { 2 } = 5 - 2 \sqrt { 6 },0,0,1,0,0,0,0,0,0,0,0,0,0,0,0,0,0,0,0,0,0,0,0,0,0,0,0,0,0,0,0,0,0,0,0,0,0,0,0,0,0,0,0,0,0,0,0,0,0,0
0 . 8 5 \times 1 0 0 = 8 5 ( k g ),0,0,0,1,0,0,0,0,0,0,0,0,0,0,0,0,0,0,0,0,0,0,0,0,0,0,0,0,0,0,0,0,0,0,0,0,0,0,0,0,0,0,0,0,0,0,0,0,0,0
2 2 6 \times \frac { 3 } { 5 } = \frac { 6 7 8 } { 5 } c m \approx 1 3 5 . 6 c m,0,0,0,0,1,0,0,0,0,0,0,0,0,0,0,0,0,0,0,0,0,0,0,0,0,0,0,0,0,0,0,0,0,0,0,0,0,0,0,0,0,0,0,0,0,0,0,0,0,0
2 3 . 5 + \frac { 1 } { 2 } x = 1 3 + x,0,0,0,0,0,1,0,0,0,0,0,0,0,0,0,0,0,0,0,0,0,0,0,0,0,0,0,0,0,0,0,0,0,0,0,0,0,0,0,0,0,0,0,0,0,0,0,0,0,0
3 x - y = 0,0,0,0,0,0,0,1,0,0,0,0,0,0,0,0,0,0,0,0,0,0,0,0,0,0,0,0,0,0,0,0,0,0,0,0,0,0,0,0,0,0,0,0,0,0,0,0,0,0,0
4 \sin x \cos x - 2 ( \sqrt { 3 } \sin x + \cos x ) + \sqrt { 3 } = 0,0,0,0,0,0,0,0,0,0,0,0,0,0,0,0,0,1,0,0,0,0,0,0,0,0,0,0,0,0,0,0,0,0,0,0,0,0,0,0,0,0,0,0,0,0,0,0,0,0,0
5 \times 5 = 2 5 ( k m ) \cdot,0,0,0,0,0,0,0,0,0,0,0,0,0,0,0,0,1,0,0,0,0,0,0,0,0,0,0,0,0,0,0,0,0,0,0,0,0,0,0,0,0,0,0,0,0,0,0,0,0,0
9 6 \div 6 0 = 1 \cdots 3 6,0,0,0,0,0,0,0,0,0,1,0,0,0,0,0,0,0,0,0,0,0,0,0,0,0,0,0,0,0,0,0,0,0,0,0,0,0,0,0,0,0,0,0,0,0,0,0,0,0,0
9 ^ { 3 } = \frac { b 5 } { b _ { 2 } } = \frac { 8 1 } { 3 } = 2 7,0,0,0,0,0,0,0,0,0,0,0,0,0,0,0,0,1,0,0,0,0,0,0,0,0,0,0,0,0,0,0,0,0,0,0,0,0,0,0,0,0,0,0,0,0,0,0,0,0,0
: ( 1 5 6 + 1 5 4 + 1 5 0 + 1 5 3 + 1 5 0 + 1 5 9 + 1 5 2 + 1 5 7 + 1 6 1 + 1 5 8 ) \div 1 0 = 1 5,0,0,0,0,0,0,0,0,0,0,0,0,0,0,0,0,1,0,0,0,0,0,0,0,0,0,0,0,0,0,0,0,0,0,0,0,0,0,0,0,0,0,0,0,0,0,0,0,0,0
= \frac { 1 } { x - 1 } + \frac { 1 } { x - 1 } = \frac { 2 } { x - 1 },0,0,0,0,0,0,0,0,0,0,0,0,1,0,0,0,0,0,0,0,0,0,0,0,0,0,0,0,0,0,0,0,0,0,0,0,0,0,0,0,0,0,0,0,0,0,0,0,0,0
A ^ { \prime } D = \sqrt { 2 },0,0,0,0,0,0,0,0,0,0,0,0,0,0,0,0,1,0,0,0,0,0,0,0,0,0,0,0,0,0,0,0,0,0,0,0,0,0,0,0,0,0,0,0,0,0,0,0,0,0
C D =,0,0,0,0,0,0,0,0,0,0,0,0,0,0,0,0,1,0,0,0,0,0,0,0,0,0,0,0,0,0,0,0,0,0,0,0,0,0,0,0,0,0,0,0,0,0,0,0,0,0
F C ^ { 2 } + C B ^ { 2 } = B F ^ { 2 },0,0,0,0,0,0,0,0,0,0,0,0,0,0,0,1,0,0,0,0,0,0,0,0,0,0,0,0,0,0,0,0,0,0,0,0,0,0,0,0,0,0,0,0,0,0,0,0,0,0
OTHER,0,0,0,0,0,0,0,0,0,0,0,0,0,0,0,0,51,0,0,0,0,0,0,0,0,0,0,0,0,0,0,0,0,0,0,0,0,0,0,0,0,0,0,0,0,0,0,0,0,0
R _ { 2 } = \frac { 1 2 } { 1 . 8 A } =,0,0,0,0,0,0,0,0,0,0,0,0,0,0,0,0,0,1,0,0,0,0,0,0,0,0,0,0,0,0,0,0,0,0,0,0,0,0,0,0,0,0,0,0,0,0,0,0,0,0
V _ { t } ^ { 2 } = 2 a s + V _ { p } ^ { 2 },0,0,0,0,0,0,0,0,0,0,0,0,0,0,0,0,1,0,0,0,0,0,0,0,0,0,0,0,0,0,0,0,0,0,0,0,0,0,0,0,0,0,0,0,0,0,0,0,0,0
\Delta A B F \cong \Delta A D E ( A S A ),0,0,0,0,0,0,0,0,0,0,0,0,0,0,0,0,0,0,0,1,0,0,0,0,0,0,0,0,0,0,0,0,0,0,0,0,0,0,0,0,0,0,0,0,0,0,0,0,0,0
\angle B D C = 9 0 ^ { \circ },0,0,0,0,0,0,0,0,0,0,0,0,0,0,0,0,0,0,0,0,1,0,0,0,0,0,0,0,0,0,0,0,0,0,0,0,0,0,0,0,0,0,0,0,0,0,0,0,0,0
\angle B D E = \angle B E D = 7 5,0,0,0,0,0,0,0,0,0,0,0,0,0,0,0,0,1,0,0,0,0,0,0,0,0,0,0,0,0,0,0,0,0,0,0,0,0,0,0,0,0,0,0,0,0,0,0,0,0,0
\angle B O C = 1 8 0 ^ { \circ } - ( \angle 1 + \angle 2 ) = 1 8 0 ^ { \circ } - \frac { 1 } { 2 } ( 1 8 0,0,0,0,0,0,0,0,0,0,0,0,0,0,0,0,0,1,0,0,0,0,0,0,0,0,0,0,0,0,0,0,0,0,0,0,0,0,0,0,0,0,0,0,0,0,0,0,0,0,0
\angle C P Q = \angle B = 9 0 ^ { \circ },0,0,0,0,0,0,0,0,0,0,0,0,0,0,0,0,0,0,0,0,0,0,0,1,0,0,0,0,0,0,0,0,0,0,0,0,0,0,0,0,0,0,0,0,0,0,0,0,0,0
\frac { 0 . 8 } { 4 } = \frac { x } { 2 6 },0,0,0,0,0,0,0,0,0,0,0,0,0,0,0,0,0,0,0,0,0,0,0,0,1,0,0,0,0,0,0,0,0,0,0,0,0,0,0,0,0,0,0,0,0,0,0,0,0,0
\frac { 1 5 } { 7 } = 2 \frac { 1 } { 7 },0,0,0,0,0,0,0,0,0,0,0,0,0,0,0,0,0,0,0,0,0,0,0,0,0,1,0,0,0,0,0,0,0,0,0,0,0,0,0,0,0,0,0,0,0,0,0,0,0,0
\frac { 1 } { 3 } \div \frac { 1 } { 3 } = 1,0,0,0,0,0,0,0,0,0,0,0,0,0,0,0,0,0,0,0,0,0,0,0,0,0,0,1,0,0,0,0,0,0,0,0,0,0,0,0,0,0,0,0,0,0,0,0,0,0,0
\frac { 3 0 } { 4 } = 7 . 5,0,0,0,0,0,0,0,0,0,0,0,0,0,0,0,0,0,0,0,0,0,0,0,0,0,0,0,1,0,0,0,0,0,0,0,0,0,0,0,0,0,0,0,0,0,0,0,0,0,0
\frac { 3 7 0 0 } { 1 8 0 + 5 } \times 2 2 5 \times 8 0 \% + \frac { 3 7 0 0 } { 1 8 0 + 5 } \times 2 2 5 \times ( 1 - 8 0 \% ) \times 0 . 1 y - 3 7 0 0 \geq 4 4 0 .,0,0,0,0,0,0,0,0,0,0,0,0,0,0,0,0,1,0,0,0,0,0,0,0,0,0,0,0,0,0,0,0,0,0,0,0,0,0,0,0,0,0,0,0,0,0,0,0,0,0
\frac { 4 0 0 0 } { 1 0 0 0 } = \frac { 2 } { 5 },0,0,0,0,0,0,0,0,0,0,0,0,0,0,0,0,1,0,0,0,0,0,0,0,0,0,0,0,0,0,0,0,0,0,0,0,0,0,0,0,0,0,0,0,0,0,0,0,0,0
\frac { 8 0 } { x } - 2 = \frac { 8 0 } { x + 2 },0,0,0,0,0,0,0,0,0,0,0,0,0,0,0,0,0,0,0,0,0,0,0,0,0,0,0,0,0,0,1,0,0,0,0,0,0,0,0,0,0,0,0,0,0,0,0,0,0,0
\frac { 8 4 \times 4 + 5 5 \times 6 } { 1 0 } = 6 7,0,0,0,0,0,0,0,0,0,0,0,0,0,0,0,0,0,0,0,0,0,0,0,0,0,0,0,0,0,0,0,1,0,0,0,0,0,0,0,0,0,0,0,0,0,0,0,0,0,0
\frac { A C } { A B } = \sin 4 5 ^ { \circ } = \frac { \sqrt { 2 } } { 2 },0,0,0,0,0,0,0,0,0,0,0,0,0,0,0,0,0,0,0,0,0,0,0,0,0,0,0,0,0,0,0,0,1,0,0,0,0,0,0,0,0,0,0,0,0,0,0,0,0,0
\frac { B E } { A B } = \frac { A E } { A C },0,0,0,0,0,0,0,0,0,0,0,0,0,0,0,0,1,0,0,0,0,0,0,0,0,0,0,0,0,0,0,0,0,0,0,0,0,0,0,0,0,0,0,0,0,0,0,0,0,0
\frac { D E } { B C } = \frac { 2 } { 5 . },0,0,0,0,0,0,0,0,0,0,0,0,0,0,0,0,1,0,0,0,0,0,0,0,0,0,0,0,0,0,0,0,0,0,0,0,0,0,0,0,0,0,0,0,0,0,0,0,0,0
\frac { \cos C } { \cos B } = \frac { 2 a - c } { b } = \frac { 2 \sin A - \sin C } { \sin B },0,0,0,0,0,0,0,0,0,0,0,0,0,0,0,0,1,0,0,0,0,0,0,0,0,0,0,0,0,0,0,0,0,0,0,0,0,0,0,0,0,0,0,0,0,0,0,0,0,0
\frac { x ^ { 2 } - x ^ { 2 } / n x - / n x - 1 } { 2 },0,0,0,0,0,0,0,0,0,0,0,0,0,0,0,0,1,0,0,0,0,0,0,0,0,0,0,0,0,0,0,0,0,0,0,0,0,0,0,0,0,0,0,0,0,0,0,0,0,0
\frac { y } { x + 2 } \cdot \frac { y } { x - 2 } = \frac { - 1 } { 2 },0,0,0,0,0,0,0,0,0,0,0,0,0,0,0,0,1,0,0,0,0,0,0,0,0,0,0,0,0,0,0,0,0,0,0,0,0,0,0,0,0,0,0,0,0,0,0,0,0,0
\rightarrow d _ { A } \rightarrow B C,0,0,0,0,0,0,0,0,0,0,0,0,0,0,0,0,1,0,0,0,0,0,0,0,0,0,0,0,0,0,0,0,0,0,0,0,0,0,0,0,0,0,0,0,0,0,0,0,0,0
\sin \alpha = \frac { 5 } { 1 3 },0,0,0,0,0,0,0,0,0,0,0,0,0,0,0,0,0,0,0,0,0,0,0,0,0,0,0,0,0,0,0,0,0,0,0,0,0,0,0,1,0,0,0,0,0,0,0,0,0,0
\therefore O D = \frac { 4 } { 3 } \sqrt { 3 },0,0,0,0,0,0,0,0,0,0,0,0,0,0,0,0,0,0,0,0,0,0,0,0,0,0,0,0,0,0,0,0,0,0,0,0,0,0,0,0,1,0,0,0,0,0,0,0,0,0
a ^ { 2 } + 2 a b + b ^ { 2 } = ( a + b ) ^ { 2 },0,0,0,0,0,0,0,0,0,0,0,0,0,0,0,0,0,0,0,0,0,0,0,0,0,0,0,0,0,0,0,0,0,0,0,0,0,0,0,0,0,1,0,0,0,0,0,0,0,0
b = 4 - c,0,0,0,0,0,0,0,0,0,0,0,0,0,0,0,0,0,0,0,0,0,0,0,0,0,0,0,0,0,0,0,0,0,0,0,0,0,0,0,0,0,0,1,0,0,0,0,0,0,0
m - 2 0 + 2 0 = 6 + 2 0,0,0,0,0,0,0,0,0,0,0,0,0,0,0,0,0,0,0,0,0,0,0,0,0,0,0,0,0,0,0,0,0,0,0,0,0,0,0,0,0,0,0,0,1,0,0,0,0,0,0
r = \pi ^ { 2 } r ^ { 2 } n \div 3,0,0,0,0,0,0,0,0,0,0,0,0,0,0,0,0,1,0,0,0,0,0,0,0,0,0,0,0,0,0,0,0,0,0,0,0,0,0,0,0,0,0,0,0,0,0,0,0,0,0
x + c,0,0,0,0,0,0,0,0,0,0,0,0,0,0,0,0,1,0,0,0,0,0,0,0,0,0,0,0,0,0,0,0,0,0,0,0,0,0,0,0,0,0,0,0,0,0,0,0,0,0
x = \frac { 1 6 } { 3 6 } - \frac { 1 5 } { 3 6 },0,0,0,0,0,0,0,0,0,0,0,0,0,0,0,0,0,0,0,0,0,0,0,0,0,0,0,0,0,0,0,0,0,0,0,0,0,0,0,0,0,0,0,0,0,0,1,0,0,0
y + 2 = 3 6,0,0,0,0,0,0,0,0,0,0,0,0,0,0,0,0,0,0,0,0,0,0,0,0,0,0,0,0,0,0,0,0,0,0,0,0,0,0,0,0,0,0,0,0,0,0,0,1,0,0
y = \frac { 5 } { 2 },0,0,0,0,0,0,0,0,0,0,0,0,0,0,0,0,0,0,0,0,0,0,0,0,0,0,0,0,0,0,0,0,0,0,0,0,0,0,0,0,0,0,0,0,0,0,0,0,1,0
y _ { 2 } = \frac { 3 } { 2 },0,0,0,0,0,0,0,0,0,0,0,0,0,0,0,0,0,0,0,0,0,0,0,0,0,0,0,0,0,0,0,0,0,0,0,0,0,0,0,0,0,0,0,0,0,0,0,0,0,1
